<?xml version="1.0" encoding="UTF-8"?>
<project-private xmlns="http://www.netbeans.org/ns/project-private/1">
    <editor-bookmarks xmlns="http://www.netbeans.org/ns/editor-bookmarks/2" lastBookmarkId="0"/>
    <open-files xmlns="http://www.netbeans.org/ns/projectui-open-files/2">
        <group>
            <file>file:/C:/Users/A308862/OneDrive%20-%20Santander%20Office%20365/Documentos/NetBeansProjects/JavaPooEj11/src/javapooej11/JavaPooEj11.java</file>
            <file>file:/C:/Users/A308862/OneDrive%20-%20Santander%20Office%20365/Documentos/NetBeansProjects/JavaPooEj11/src/Entidades/Fecha.java</file>
        </group>
    </open-files>
</project-private>
